datetime,USD_TRY,GAU_TRY,BIST100,BTC_TRY
2025-05-22 09:44:36.841429,39.67287884550057,4270.344253924653,9578.36301025957,4158864.1270995596
2025-05-22 10:44:36.841429,39.65012462072784,4342.803411128101,9624.322419257773,4162537.057832014
2025-05-22 11:44:36.841429,39.72742565167736,4399.528403639449,9575.713153578326,3881396.762101006
2025-05-22 12:44:36.841429,39.69936857549868,4381.860569576826,9575.812701608596,3993588.6023574914
2025-05-22 13:44:36.841429,39.57705473447485,4365.686948728544,9384.711596426994,3807827.8561021737
2025-05-22 14:44:36.841429,39.589457945153576,4401.279768052351,9396.27628220795,3728845.7455012496
2025-05-22 15:44:36.841429,39.41748536143525,4503.080062751799,9386.306501189225,3745745.91402948
2025-05-22 16:44:36.841429,39.31425949291256,4628.4694364717825,9464.205419988495,3804673.219796151
2025-05-22 17:44:36.841429,39.376750102186456,4679.855745834926,9459.696066917135,3868799.9058987773
2025-05-22 18:44:36.841429,39.378677142359834,4679.507059088444,9342.26255359087,3824228.734451866
2025-05-22 19:44:36.841429,39.47099770599613,4658.27699238817,9280.50208295118,3990323.357379218
2025-05-22 20:44:36.841429,39.487721305359756,4637.991557099372,9304.493446202598,3893330.7700099437
2025-05-22 21:44:36.841429,39.56359412578908,4723.022738861567,9355.815476267546,3882253.528661111
2025-05-22 22:44:36.841429,39.47213713190884,4665.188485110298,9487.37727721773,4006299.5218353583
2025-05-22 23:44:36.841429,39.509487122986,4676.609040352072,9479.556164786465,3857625.948821673
2025-05-23 00:44:36.841429,39.55946709886292,4590.537033157563,9320.10529464762,3860029.834268743
2025-05-23 01:44:36.841429,39.63649643277123,4612.617717896099,9280.398832309455,3754420.9541696142
2025-05-23 02:44:36.841429,39.68346938988169,4652.642607822322,9181.131722034734,3874374.0099132485
2025-05-23 03:44:36.841429,39.794751949703766,4698.472189285788,9243.808889329512,4024442.477188143
2025-05-23 04:44:36.841429,39.84568750844233,4641.45946247247,9246.136723151058,4314057.478521848
2025-05-23 05:44:36.841429,39.83311888509186,4639.327824691422,9139.374148435814,4360426.103645534
2025-05-23 06:44:36.841429,39.86217402572619,4638.241023554649,9274.418977841033,4292429.45208047
2025-05-23 07:44:36.841429,39.860542082999196,4605.805072145949,9291.066633006943,4146680.700444488
2025-05-23 08:44:36.841429,39.803491011343,4630.072360882774,9173.745367247982,4267572.007675841
2025-05-23 09:44:36.841429,39.749114871665014,4587.387830374872,9284.22298399727,4314164.149416917
2025-05-23 10:44:36.841429,39.74434663196417,4600.331705884461,9301.380740469343,4200008.103047529
2025-05-23 11:44:36.841429,39.77122812469964,4507.558536369894,9234.047956079909,4113990.2734146593
2025-05-23 12:44:36.841429,39.794285699295564,4516.226899359249,9189.617774039598,4249070.765084521
2025-05-23 13:44:36.841429,39.83174626535237,4543.126152771915,9152.794503632014,4279582.134249183
2025-05-23 14:44:36.841429,39.83630321576153,4552.696725446732,9096.595749081425,4170465.5628861473
2025-05-23 15:44:36.841429,39.85084189478213,4447.157903891519,9110.419086504175,4145320.1911582397
2025-05-23 16:44:36.841429,39.9921938402899,4437.297282491888,9027.756839186697,4003448.704186077
2025-05-23 17:44:36.841429,39.86067467550845,4494.013702625119,8782.707440978325,4208615.26841703
2025-05-23 18:44:36.841429,39.81148684951687,4434.774174530726,8845.45190446822,4201408.074036729
2025-05-23 19:44:36.841429,39.80403510415891,4407.372003751906,8751.371867572943,4345902.055262408
2025-05-23 20:44:36.841429,39.879615192217,4282.82350048113,8758.662752472697,4311232.804870829
2025-05-23 21:44:36.841429,39.83317952193072,4197.096043672028,8868.66145088725,4324759.49856006
2025-05-23 22:44:36.841429,39.665235571396416,4120.861857310779,8826.445218619634,4402300.84732619
2025-05-23 23:44:36.841429,39.72753674377682,3983.146133873946,9044.017593657745,4510620.933055663
2025-05-24 00:44:36.841429,39.86995254317532,3980.569526280159,8925.40578673678,4717787.589432705
2025-05-24 01:44:36.841429,39.97839487389984,3915.969025444632,8922.36538039242,4547016.980940189
2025-05-24 02:44:36.841429,39.95394135519799,3969.7193323232104,8835.958672939843,4605607.513162244
2025-05-24 03:44:36.841429,39.90385235188741,3952.3206106745415,8840.294735371037,4964113.417163328
2025-05-24 04:44:36.841429,39.93796958187197,4047.5054544286977,8569.10779458627,4886428.2957989415
2025-05-24 05:44:36.841429,39.982982408351056,4124.521945506469,8595.961468278487,4929744.451701527
2025-05-24 06:44:36.841429,40.07315580113929,4131.871830282802,8559.3540485594,4945643.026624002
2025-05-24 07:44:36.841429,40.091907609617095,4236.443991192503,8546.555759899222,5249741.0006010365
2025-05-24 08:44:36.841429,40.066229802463155,4182.476348864312,8652.38166772239,5224228.315816322
2025-05-24 09:44:36.841429,40.14113350453589,4154.4999819597715,8590.942315484726,5380777.099317088
2025-05-24 10:44:36.841429,40.22374991289919,4158.975045564952,8530.863810764684,5442887.048467279
2025-05-24 11:44:36.841429,40.15430065248256,4138.423689792716,8498.01756212725,5356601.402352359
2025-05-24 12:44:36.841429,40.28385160312668,3994.088225292654,8503.24877019696,5391760.953115447
2025-05-24 13:44:36.841429,40.41454714052663,4023.4423193855414,8496.10044459099,5353044.589284722
2025-05-24 14:44:36.841429,40.35069475730863,3931.8806855849753,8348.696141252403,5135997.67398569
2025-05-24 15:44:36.841429,40.47657401887502,3941.792537151959,8241.90624990252,5132417.972381604
2025-05-24 16:44:36.841429,40.45000571289067,3951.3192436624818,8111.91769789899,5163172.742143979
2025-05-24 17:44:36.841429,40.4449334280668,3939.152638593776,8090.606949697412,5246173.418244136
2025-05-24 18:44:36.841429,40.4019554341433,3935.664569939906,8079.639502608567,5109972.775827186
2025-05-24 19:44:36.841429,40.35998318191907,3968.809333248376,7865.377792105282,5030174.894522744
2025-05-24 20:44:36.841429,40.45022108085867,3929.862280784384,7757.441787352465,5043391.302034902
2025-05-24 21:44:36.841429,40.29499539594996,3814.401464519477,7826.623618910035,4994556.115388228
2025-05-24 22:44:36.841429,40.49408541587853,3827.992322249908,7692.427818183377,5114949.229790257
2025-05-24 23:44:36.841429,40.47843934326486,3704.0306331860925,7782.200470971849,4996343.549928513
2025-05-25 00:44:36.841429,40.38916578700691,3784.440372313564,7824.929149917827,5048489.939158018
2025-05-25 01:44:36.841429,40.386319806694836,3843.7088895778347,7918.799187507681,5046807.161832864
2025-05-25 02:44:36.841429,40.51272864474308,3934.532091928329,7940.237988015233,4949716.118806806
2025-05-25 03:44:36.841429,40.4464639286572,3908.3666433843628,7908.181045404168,5061200.584932159
2025-05-25 04:44:36.841429,40.4505229955902,3898.6393987219994,7898.565640674003,5000006.785915997
2025-05-25 05:44:36.841429,40.34863167065002,3856.1997417522593,7958.679835827054,5324934.871263305
2025-05-25 06:44:36.841429,40.346234047153914,3888.344360941083,7952.807683483397,5034326.333539986
2025-05-25 07:44:36.841429,40.36366903961272,3979.590869679174,7795.561344205388,4968470.22704449
2025-05-25 08:44:36.841429,40.39000782068183,4059.079325513922,7801.558499070134,4827881.0294143045
2025-05-25 09:44:36.841429,40.29342482749908,4083.209906103159,7822.101517227812,4785563.345282873
2025-05-25 10:44:36.841429,40.16695893525192,4048.9741243053604,7806.5561580807125,4914740.887841753
2025-05-25 11:44:36.841429,40.11663620751023,3953.43470811725,7837.748341517959,5028411.89510894
2025-05-25 12:44:36.841429,40.03433870624249,3905.056872404548,7802.4063993234695,4838116.788425676
2025-05-25 13:44:36.841429,39.946673058214785,3995.2714031614532,7965.69631601585,5051307.073360326
2025-05-25 14:44:36.841429,39.980417702238235,4018.579284202137,8068.157692670266,4979834.546065068
2025-05-25 15:44:36.841429,39.988436967325846,4108.3993835545225,8045.194446264054,5053187.059123941
2025-05-25 16:44:36.841429,39.96303321775712,4074.232211675467,7950.65095335619,4763833.096275956
2025-05-25 17:44:36.841429,39.97992222336172,4102.766953219758,8001.536594358414,4953807.106355901
2025-05-25 18:44:36.841429,40.05021204356347,4121.075660256025,8055.145520921891,4994835.168038609
2025-05-25 19:44:36.841429,39.94394018710408,4004.006804543805,8005.71423724779,4831049.563015898
2025-05-25 20:44:36.841429,39.94444087576269,3970.5957855743986,7950.024630283861,4960859.280445265
2025-05-25 21:44:36.841429,39.967973529295215,4034.2977926853287,7990.275625988947,4842727.98544436
2025-05-25 22:44:36.841429,39.921282319881,4013.91685347629,8094.743641996426,4819197.047723633
2025-05-25 23:44:36.841429,39.94478117564247,4007.431205480581,8155.594902443848,5096051.954353902
2025-05-26 00:44:36.841429,40.009395208705506,3986.428221235385,8221.553972386075,4987823.257712253
2025-05-26 01:44:36.841429,40.04433230627675,4104.726119189471,8289.353045297197,4958768.050234879
2025-05-26 02:44:36.841429,40.102422732823335,4137.520786485023,8359.96243099938,4903500.696791205
2025-05-26 03:44:36.841429,40.15792784742352,4106.30100571109,8374.411432903664,4829723.028459955
2025-05-26 04:44:36.841429,40.208119566132545,4116.772264960101,8390.233542840242,4725205.5932416925
2025-05-26 05:44:36.841429,40.29635109724113,4044.1737429771274,8420.727397925313,4738706.843957196
2025-05-26 06:44:36.841429,40.36096402757834,4098.6364001290485,8375.227926305439,4850009.169955589
2025-05-26 07:44:36.841429,40.351257395714434,4156.139712480383,8409.786234781888,4951155.267259063
2025-05-26 08:44:36.841429,40.27775659640849,4184.138602651206,8331.300026533529,4811408.8274339745
2025-05-26 09:44:36.841429,40.26252511135559,4165.366035496745,8357.103260358312,4603286.308196945
2025-05-26 10:44:36.841429,40.20395969846583,4225.529383282768,8437.403333858803,4570110.485432076
2025-05-26 11:44:36.841429,40.23944814877973,4152.890943816209,8374.997445457364,4582047.249126658
2025-05-26 12:44:36.841429,40.32110576448256,4133.8363786176615,8399.857063420828,4761543.145063636
2025-05-26 13:44:36.841429,40.4351699830958,4010.871005159884,8388.992835223662,4788692.048827739
2025-05-26 14:44:36.841429,40.534544963762144,4012.9100328995964,8376.852536142229,4652709.403840029
2025-05-26 15:44:36.841429,40.51457562168578,3982.7545732780186,8358.701721131221,4574543.355597896
2025-05-26 16:44:36.841429,40.61671714159726,3929.9452122442976,8341.462394939628,4411847.1491814125
2025-05-26 17:44:36.841429,40.565220220070856,3954.7659260880637,8362.552195860153,4330758.528559874
2025-05-26 18:44:36.841429,40.60599788576909,4012.575956506321,8393.725624012126,4358352.698178247
2025-05-26 19:44:36.841429,40.71581394688829,4009.7297472531327,8323.155859755523,4318139.304176596
2025-05-26 20:44:36.841429,40.79508029271232,4097.144988313177,8226.07709649727,4278804.341637823
2025-05-26 21:44:36.841429,40.75576521200763,4076.897929120839,8206.637975836456,4073100.11784232
2025-05-26 22:44:36.841429,40.68216743948037,4045.461910337693,8095.43526010118,3992403.3342049904
2025-05-26 23:44:36.841429,40.644293699277426,3867.5175422725974,8069.5418543482165,3990451.170057062
2025-05-27 00:44:36.841429,40.67492978198857,3975.9401947895312,7883.785908346835,4021668.0990565815
2025-05-27 01:44:36.841429,40.693860522202996,3886.0724496977896,7929.187949799315,4132660.173175284
2025-05-27 02:44:36.841429,40.73385204196025,3912.95552000452,8107.581545038094,4090385.1731568696
2025-05-27 03:44:36.841429,40.725428884872414,3916.8230944707857,8018.38560858463,4052619.3191715633
2025-05-27 04:44:36.841429,40.756865734593795,3938.6644231299497,7981.112708231618,3998908.7534505674
2025-05-27 05:44:36.841429,40.67159061520693,3917.906485954139,7962.398529657311,3767293.8110478655
2025-05-27 06:44:36.841429,40.82288660881786,3961.5950045626387,7960.375044040228,3966490.0704001435
2025-05-27 07:44:36.841429,40.67482854751273,4002.0336124455134,7946.333840483281,3825344.5743431705
2025-05-27 08:44:36.841429,40.58908339983383,4041.8536516823265,7879.114061543612,3757033.3052449804
2025-05-27 09:44:36.841429,40.66056768111633,4079.4378517398286,7815.8910741671125,3704283.2075535557
2025-05-27 10:44:36.841429,40.567880542197926,4051.5969184829164,7764.559219972324,3737752.0861305743
2025-05-27 11:44:36.841429,40.659925692819904,4080.61117137386,7741.412530218249,3596404.7724783714
2025-05-27 12:44:36.841429,40.65814866541322,4070.5138051231847,7739.034003765713,3632396.1227785903
2025-05-27 13:44:36.841429,40.697143463301,4072.52054976542,7688.369876768227,3780933.58360393
2025-05-27 14:44:36.841429,40.5774973252241,4091.4748434462344,7698.916050292819,3885039.9770272486
2025-05-27 15:44:36.841429,40.58446757778414,4087.5900035806458,7786.170904585556,3974601.577980002
2025-05-27 16:44:36.841429,40.57208780338952,4102.561337802816,7745.0048543504245,3951235.9111808375
2025-05-27 17:44:36.841429,40.5323029918561,4253.5545421484985,7721.895572311025,3730113.8612114806
2025-05-27 18:44:36.841429,40.429799561026165,4286.613237416897,7728.751755834935,3633816.696636779
2025-05-27 19:44:36.841429,40.3994976544785,4252.751671108965,7681.435431837095,3639626.8079945175
2025-05-27 20:44:36.841429,40.34395304465207,4335.1611564967625,7647.9929373187715,3578550.9999687187
2025-05-27 21:44:36.841429,40.41697957553747,4293.683194535201,7639.2313647254105,3743678.9855466317
2025-05-27 22:44:36.841429,40.38771315428146,4290.137049189151,7583.861554845263,3693981.3608542895
2025-05-27 23:44:36.841429,40.28478271621657,4308.119361962643,7721.320728015502,3801815.416861234
2025-05-28 00:44:36.841429,40.320580123657365,4290.206225899643,7795.760360774171,3661393.6534886193
2025-05-28 01:44:36.841429,40.36861339578189,4333.355872113251,7930.899692508269,3499094.339055632
2025-05-28 02:44:36.841429,40.23994969425206,4447.354074915014,8018.88510060981,3415208.833449183
2025-05-28 03:44:36.841429,40.145632856859905,4503.30061158638,7955.173426135498,3309772.9194261837
2025-05-28 04:44:36.841429,40.08521108482325,4504.9708388488625,7991.890326581484,3469780.8290207824
2025-05-28 05:44:36.841429,40.14454254994572,4486.982235130299,7903.898669533969,3469233.7700378965
2025-05-28 06:44:36.841429,40.12944676027899,4448.286861346375,7786.063683258537,3483693.7300626403
2025-05-28 07:44:36.841429,40.172929670447544,4426.065285634862,7793.791492360617,3422059.087868386
2025-05-28 08:44:36.841429,40.30407130815301,4284.884367512429,7825.5536182338055,3526836.532357253
2025-05-28 09:44:36.841429,40.346896481039195,4211.885117011502,7853.061586305099,3538854.0402316987
2025-05-28 10:44:36.841429,40.23549023098692,4244.421990103916,7825.851318400903,3371257.6903035035
2025-05-28 11:44:36.841429,40.289640303539855,4246.611396834469,7784.852210170419,3436539.891646547
2025-05-28 12:44:36.841429,40.168805289660334,4224.601608647054,7743.619064847543,3415412.3716501496
2025-05-28 13:44:36.841429,40.18300129277442,4309.689935994725,7726.3437109372835,3538732.092745443
2025-05-28 14:44:36.841429,40.23513693561474,4278.775101863666,7584.090270761738,3672091.87619984
2025-05-28 15:44:36.841429,40.18903443991916,4325.94279390009,7576.881056058345,3545676.539416988
2025-05-28 16:44:36.841429,40.23249478193231,4288.65355135924,7431.428601849245,3567280.100415051
2025-05-28 17:44:36.841429,40.15416580249746,4269.623751579181,7559.579143249499,3501906.8762656734
2025-05-28 18:44:36.841429,40.18886863167107,4188.147271363349,7712.624843765623,3467742.2507338887
2025-05-28 19:44:36.841429,40.12435914272112,4268.803550743597,7709.885084941326,3681922.620336197
2025-05-28 20:44:36.841429,40.12449034032663,4260.143221136856,7643.253232939906,3669440.5988386953
2025-05-28 21:44:36.841429,40.15938335765421,4331.704302700219,7547.526820586864,3691223.5905026677
2025-05-28 22:44:36.841429,40.3737032430398,4315.583550538146,7384.109593422042,3617758.183925032
2025-05-28 23:44:36.841429,40.37230191276274,4363.932857709261,7431.682646279294,3513918.6375997537
2025-05-29 00:44:36.841429,40.21611050876598,4335.695269332678,7438.8255815293405,3435334.9898807667
2025-05-29 01:44:36.841429,40.20408637595912,4316.198963777977,7428.485463676463,3398494.1360012656
2025-05-29 02:44:36.841429,40.18435357226767,4281.173628755827,7355.909487548365,3322974.4156911126
2025-05-29 03:44:36.841429,40.18632571137347,4231.20975585199,7204.911001211472,3393216.657782676
2025-05-29 04:44:36.841429,40.1160148439525,4237.340799807567,7020.2630172676245,3331601.299016414
2025-05-29 05:44:36.841429,40.17478058414411,4220.00289882476,6998.454747323147,3218376.626524685
2025-05-29 06:44:36.841429,40.15752898501924,4216.601721650185,7028.3568978647945,3110782.17821375
2025-05-29 07:44:36.841429,40.24398686421972,4208.982686797077,7062.360207980517,2912256.675785406
2025-05-29 08:44:36.841429,40.24541404580854,4212.362876919214,7078.321930078499,3038779.6446359335
2025-05-29 09:44:36.841429,40.301778095631676,4191.669564053671,7068.45440886652,2923064.242576551
2025-05-29 10:44:36.841429,40.15248389254532,4079.1750683962946,7066.063986701932,2974212.74960417
2025-05-29 11:44:36.841429,40.127296888748816,4134.1818198410765,7021.373158243723,2847936.496229641
2025-05-29 12:44:36.841429,40.0546951056267,4096.043812571353,6946.919446532528,2827053.492096985
2025-05-29 13:44:36.841429,40.03142285275899,4190.530393468438,6880.187546943142,2737005.9792349543
2025-05-29 14:44:36.841429,40.08684960837797,4227.928729393816,6876.213900722029,2723685.9364316347
2025-05-29 15:44:36.841429,40.055673553461176,4229.081721282468,6785.923704981031,2687450.1265232414
2025-05-29 16:44:36.841429,40.03572340842658,4195.283757257125,6766.289182950498,2573962.5319383205
2025-05-29 17:44:36.841429,39.987688012185686,4213.034082052125,6595.721550783458,2576630.718827758
2025-05-29 18:44:36.841429,39.9602732787533,4279.908408225935,6581.988884698978,2559191.206345192
2025-05-29 19:44:36.841429,39.84991516467645,4365.014214347758,6455.257779882528,2567328.319571041
2025-05-29 20:44:36.841429,39.83455296479947,4367.048157888231,6509.603019546877,2642615.810628638
2025-05-29 21:44:36.841429,39.75566523653137,4400.280591492168,6592.1530875073495,2699035.7794862445
2025-05-29 22:44:36.841429,39.80024053460127,4387.336009013013,6537.970989079522,2752805.965965793
2025-05-29 23:44:36.841429,39.91433294914884,4419.732374471974,6434.97290851652,2690217.716737664
2025-05-30 00:44:36.841429,39.899858207810645,4458.553668624098,6449.627067717764,2626187.2988503077
2025-05-30 01:44:36.841429,39.91022249729434,4435.8665478410985,6377.079451568433,2640969.1724731107
2025-05-30 02:44:36.841429,39.92622377474967,4476.635976571372,6289.56162666179,2610334.320514323
2025-05-30 03:44:36.841429,39.91113961362925,4423.087643016903,6287.684502612515,2657468.233423828
2025-05-30 04:44:36.841429,39.87690596584225,4526.104199138855,6334.555931666181,2560058.176851804
2025-05-30 05:44:36.841429,39.80378658433587,4569.420151419853,6306.774984188014,2592492.690413291
2025-05-30 06:44:36.841429,39.914034964227405,4566.9063640044515,6211.164906081757,2675234.154036105
2025-05-30 07:44:36.841429,39.80181688336001,4565.42065850014,6152.311396208692,2670321.4022245966
2025-05-30 08:44:36.841429,39.949829438553834,4530.690115353989,6011.257783955436,2798472.5205721436
2025-05-30 09:44:36.841429,39.95683642706857,4549.631437217406,6017.730280601295,2750427.9460185487
2025-05-30 10:44:36.841429,40.01740355691617,4546.375780908985,5997.2503335546835,2701804.010281348
2025-05-30 11:44:36.841429,40.008868766636105,4565.083709224989,5921.872403258371,2848532.328975505
2025-05-30 12:44:36.841429,39.96186685311527,4491.184213743306,5949.369640536197,2919049.9737473666
2025-05-30 13:44:36.841429,39.95525241100479,4540.853856609467,5828.718570310039,3003974.4192581275
2025-05-30 14:44:36.841429,39.98875923679493,4598.346533446254,5691.635349713997,2981136.131066
2025-05-30 15:44:36.841429,40.09680809033208,4586.2173409882,5684.320982926648,2897934.65038673
2025-05-30 16:44:36.841429,40.16877536304234,4459.062082622161,5711.7988020907205,2796432.2924469444
2025-05-30 17:44:36.841429,40.170973913645426,4537.9029352235875,5701.342584299838,2815950.937173735
2025-05-30 18:44:36.841429,40.21523692706828,4545.369470230486,5680.588226220415,2873603.191112626
2025-05-30 19:44:36.841429,40.23098830714876,4601.010702067037,5581.348155721891,2926784.6293220436
2025-05-30 20:44:36.841429,40.23373477956538,4513.765325834144,5604.1827847339655,2856927.9055934055
2025-05-30 21:44:36.841429,40.23476662587512,4494.982164236532,5583.91423506599,2849921.5622603353
2025-05-30 22:44:36.841429,40.20042572811934,4498.482018271211,5570.9590237048715,2726293.0131528927
2025-05-30 23:44:36.841429,40.061566211982594,4458.476002206135,5504.554825141331,2708022.1337855128
2025-05-31 00:44:36.841429,40.152745500821936,4342.623955800069,5467.495058430401,2620335.2849248587
2025-05-31 01:44:36.841429,40.1543176758775,4292.710288396215,5444.368446789119,2580913.1760070613
2025-05-31 02:44:36.841429,40.16524812913207,4318.731145676961,5371.039543569213,2644138.511346663
2025-05-31 03:44:36.841429,40.16083462499646,4304.413664727672,5357.860352362117,2696474.505817205
2025-05-31 04:44:36.841429,40.261026776115266,4388.109119854154,5332.903922094193,2777649.4317557076
2025-05-31 05:44:36.841429,40.309274943191596,4424.4337876740765,5337.078156904234,2582632.2212124304
2025-05-31 06:44:36.841429,40.30430243641283,4384.489454687131,5283.525831973078,2571187.6259549703
2025-05-31 07:44:36.841429,40.39778806725104,4439.394313013701,5251.978705579874,2538627.7964444472
2025-05-31 08:44:36.841429,40.323754598153734,4375.45380543835,5283.754490725846,2456776.9297878197
2025-05-31 09:44:36.841429,40.37190449085796,4449.365340884129,5145.785629345399,2528710.4696960817
2025-05-31 10:44:36.841429,40.23088647453848,4517.5064992030575,5100.515145705252,2718812.8273917544
2025-05-31 11:44:36.841429,40.28896480719795,4361.85852112868,5095.383823898749,2694269.416068221
2025-05-31 12:44:36.841429,40.283483329677104,4418.115943524604,5012.430566122656,2683038.293068149
2025-05-31 13:44:36.841429,40.32665800210542,4504.087398293009,4961.242230522753,2595555.1504494525
2025-05-31 14:44:36.841429,40.44666195175538,4562.000551879181,4894.266657992403,2443953.287080702
2025-05-31 15:44:36.841429,40.444991086140654,4619.860595293609,4877.894381195622,2514322.5739002977
2025-05-31 16:44:36.841429,40.462384234187525,4678.330466526308,4793.625688545509,2506837.823375494
2025-05-31 17:44:36.841429,40.37917521219203,4664.401318860364,4798.88100164563,2518657.3759445506
2025-05-31 18:44:36.841429,40.35953765053493,4641.641493768637,4854.186296029036,2351981.1067142994
2025-05-31 19:44:36.841429,40.346588609519955,4677.679188120312,4818.147463178741,2389497.8421666524
2025-05-31 20:44:36.841429,40.3892345593867,4769.702189305749,4904.603573322,2368731.949650435
2025-05-31 21:44:36.841429,40.350670216641994,4758.804712481895,4959.468733563082,2377522.9108032184
2025-05-31 22:44:36.841429,40.18835685944215,4712.6829304297735,4987.862560815785,2366268.998158706
2025-05-31 23:44:36.841429,40.22795703335172,4744.668666637849,4931.888589748195,2356099.7729585012
2025-06-01 00:44:36.841429,40.250542112478925,4709.866920646496,4849.41245151473,2320334.5154679245
2025-06-01 01:44:36.841429,40.29520388933669,4761.075419032184,4840.1585830110425,2397784.41023051
2025-06-01 02:44:36.841429,40.34291885344856,4579.185180960961,4738.607298795309,2333368.0501753082
2025-06-01 03:44:36.841429,40.40740131084743,4604.170141479314,4801.144134962553,2330219.3255981267
2025-06-01 04:44:36.841429,40.53028868031977,4536.871948286164,4780.607361824213,2319608.7398585347
2025-06-01 05:44:36.841429,40.50202375226207,4493.690729212644,4839.304299618913,2355157.1835349817
2025-06-01 06:44:36.841429,40.51968634462734,4453.039567124828,4873.136761164274,2342889.715695919
2025-06-01 07:44:36.841429,40.515729501043715,4551.8659238135215,4806.605840553716,2391193.185456797
2025-06-01 08:44:36.841429,40.462480937472236,4599.834211145497,4814.438016007937,2317434.4156821724
2025-06-01 09:44:36.841429,40.41970371848247,4588.594424947367,4674.827518856719,2321055.1350086294
2025-06-01 10:44:36.841429,40.460466216506454,4659.207088806895,4633.48704166953,2321441.6896424126
2025-06-01 11:44:36.841429,40.354127980024174,4619.107430739962,4705.692333401337,2316514.578680521
2025-06-01 12:44:36.841429,40.228871504742905,4599.07508565084,4717.651828248981,2158883.831230836
2025-06-01 13:44:36.841429,40.245282444593265,4634.19539760927,4726.50804854685,2256158.0055159596
2025-06-01 14:44:36.841429,40.186180137457306,4732.186379423133,4698.278973311698,2130357.545305539
2025-06-01 15:44:36.841429,40.30901307040548,4723.461978605196,4648.741642787605,2164340.402755704
2025-06-01 16:44:36.841429,40.437855892041604,4729.662232562499,4655.158554776525,2149834.1700332346
2025-06-01 17:44:36.841429,40.36230822481387,4737.293190650921,4616.841095926464,2137701.485534041
2025-06-01 18:44:36.841429,40.477395686493146,4761.111791547944,4622.854812475461,2148542.376305772
2025-06-01 19:44:36.841429,40.56777282497543,4604.594444491944,4551.220078807899,2120442.8736957833
2025-06-01 20:44:36.841429,40.53047147059645,4545.083998275106,4548.726745971856,2156823.7479821346
2025-06-01 21:44:36.841429,40.67245116676099,4594.540815248119,4580.301879027475,2136764.327512129
2025-06-01 22:44:36.841429,40.61957812403884,4637.135419547028,4519.411105028379,2061968.4360978613
2025-06-01 23:44:36.841429,40.6473024386104,4703.206599405455,4485.805811684076,2063036.9241762992
2025-06-02 00:44:36.841429,40.61909510884998,4663.405930054384,4483.808933834139,2109372.608824677
2025-06-02 01:44:36.841429,40.52985180530722,4743.567740922395,4471.142969084168,2099194.063048203
2025-06-02 02:44:36.841429,40.62939393954459,4741.635306965216,4485.198107036399,2097313.8818203853
2025-06-02 03:44:36.841429,40.62794104206005,4744.89866550795,4481.473360257052,2025311.337130874
2025-06-02 04:44:36.841429,40.50622694059581,4629.68717619176,4451.501043161105,2026070.840897142
2025-06-02 05:44:36.841429,40.517960991669696,4627.346538315582,4412.919748456358,2050193.2186125505
2025-06-02 06:44:36.841429,40.434830061384986,4737.606022885102,4469.477094448129,2080081.0373489456
2025-06-02 07:44:36.841429,40.34950774258728,4704.858083459263,4493.905519006615,2250512.9633017634
2025-06-02 08:44:36.841429,40.15450746531185,4637.371311705232,4509.439962293191,2252210.6519126073
2025-06-02 09:44:36.841429,40.12415645887288,4605.157645851908,4533.966817387388,2297890.968469043
2025-06-02 10:44:36.841429,40.22190213283184,4562.028958922513,4430.74851144514,2288270.1346417526
2025-06-02 11:44:36.841429,40.2268188625285,4631.51187432474,4376.040233873981,2340297.2492511896
2025-06-02 12:44:36.841429,40.09991374443466,4573.489302544348,4418.667528670609,2228745.9878689405
2025-06-02 13:44:36.841429,40.281789261773795,4636.89313067461,4453.964511005053,2271533.001062031
2025-06-02 14:44:36.841429,40.15338020633987,4489.427572978247,4577.2813249791325,2295193.1044699373
2025-06-02 15:44:36.841429,40.06473603866267,4465.601415455766,4626.558111898732,2338930.243091695
2025-06-02 16:44:36.841429,40.03357631013335,4411.439258344273,4601.279157624028,2252293.5094142295
2025-06-02 17:44:36.841429,40.027278228166864,4388.843205083436,4617.9825792514475,2375721.689346831
2025-06-02 18:44:36.841429,39.97183307026742,4232.7969866023195,4647.988930895251,2400321.4009585395
2025-06-02 19:44:36.841429,40.00827205951838,4199.3199492998465,4608.546634638227,2490492.2195150848
2025-06-02 20:44:36.841429,40.05302431890505,4182.789585254759,4560.04165410484,2430201.299114681
2025-06-02 21:44:36.841429,39.91390924553532,4225.016564700109,4583.855198454782,2386949.45374193
2025-06-02 22:44:36.841429,39.884227758549535,4372.462551947654,4539.754812289535,2478388.1918636234
2025-06-02 23:44:36.841429,39.97960249166063,4356.6540452887075,4553.589367752542,2440908.491783472
2025-06-03 00:44:36.841429,40.040098422291805,4395.338602743616,4557.850772604974,2374361.7390089696
2025-06-03 01:44:36.841429,40.174086719303766,4342.698421489598,4525.681527717173,2462745.6438731337
2025-06-03 02:44:36.841429,40.17631517807648,4424.31350452343,4516.923454803358,2374246.4022084014
2025-06-03 03:44:36.841429,40.11108971245458,4482.60323060068,4527.156961835883,2343072.444937792
2025-06-03 04:44:36.841429,40.3243924370997,4395.897295619044,4562.809780085469,2395379.9507434475
2025-06-03 05:44:36.841429,40.20119182404277,4323.350312821408,4554.214507384268,2295011.3662304753
2025-06-03 06:44:36.841429,40.144962921691636,4296.917033984515,4516.561268075351,2445847.413844553
2025-06-03 07:44:36.841429,40.24876681181759,4276.028375459046,4506.575493448546,2371244.58341094
2025-06-03 08:44:36.841429,40.05439457354991,4304.193816296531,4519.088334817608,2503492.889234296
2025-06-03 09:44:36.841429,40.00786410485231,4275.897088616154,4439.193505500124,2569600.4674142287
2025-06-03 10:44:36.841429,39.96534755524125,4327.94540294765,4446.496036124423,2625694.827052288
2025-06-03 11:44:36.841429,40.0053080320267,4206.785219137268,4400.520527084991,2704481.8486493793
2025-06-03 12:44:36.841429,40.0454397171633,4221.659198162847,4398.146536861393,2717703.404249401
2025-06-03 13:44:36.841429,40.197586103451,4241.1126566208095,4340.161512052916,2934319.6057346803
2025-06-03 14:44:36.841429,40.2516558917474,4257.897703134222,4283.567903599,2939877.2882041903
2025-06-03 15:44:36.841429,40.294062907905854,4279.8731390136245,4263.004640906632,2938674.682242856
2025-06-03 16:44:36.841429,40.19767896624061,4197.803793484982,4240.354957053336,2814320.320529666
2025-06-03 17:44:36.841429,40.05790432468741,4118.056755904517,4238.867052733502,2812529.530038869
2025-06-03 18:44:36.841429,40.099275006616075,4149.751476418202,4271.200888014961,2813898.096070465
2025-06-03 19:44:36.841429,39.99853938405471,4191.229983855505,4322.995500325665,2917893.784345593
2025-06-03 20:44:36.841429,39.88013050311127,4304.88601035667,4259.513859916988,3065728.4898946206
2025-06-03 21:44:36.841429,39.74319354550268,4268.043581937993,4215.510984247546,3054946.5573776555
2025-06-03 22:44:36.841429,39.76098336296342,4309.767484311307,4183.589397463322,2981934.1782938843
2025-06-03 23:44:36.841429,39.78193620854625,4443.002669841367,4214.008168557209,2766812.6533726477
2025-06-04 00:44:36.841429,39.87338319665891,4543.149276982854,4178.546942897758,2856074.5966522917
2025-06-04 01:44:36.841429,39.92707639055537,4572.553960841584,4203.279856204738,2903368.191105384
2025-06-04 02:44:36.841429,39.9569012833353,4725.048888693421,4178.499941363016,2785499.2702770713
2025-06-04 03:44:36.841429,39.803328373645016,4799.6831810941285,4168.597661016338,3005075.5761510967
2025-06-04 04:44:36.841429,39.935058272756216,4686.543720289073,4165.6968436601655,3061724.644446951
2025-06-04 05:44:36.841429,39.93064266262063,4693.755306509509,4078.177346697942,3118175.2192187207
2025-06-04 06:44:36.841429,39.921387953023896,4629.402394502439,4051.0387923790854,3001822.928888237
2025-06-04 07:44:36.841429,40.017842872319555,4771.149959626327,3993.129177176197,3154023.5397603456
2025-06-04 08:44:36.841429,40.02935123517442,4778.103789403223,3981.6948469400063,3036553.0955968243
2025-06-04 09:44:36.841429,39.96963184042979,4760.321405094622,4081.6847272952846,3016943.907246035
2025-06-04 10:44:36.841429,40.04287935065386,4787.299757191696,4126.718371379445,2955317.8316508355
2025-06-04 11:44:36.841429,40.162914765910074,4696.141119023237,4117.024659265879,3028362.79505701
2025-06-04 12:44:36.841429,40.027098670021914,4672.958021823387,4138.980207271186,2890688.0295288754
2025-06-04 13:44:36.841429,40.051369820468835,4749.459954120665,4117.988804546427,2756530.06221861
2025-06-04 14:44:36.841429,40.103655538526986,4833.068208870423,4143.242399748495,2680459.9427393028
2025-06-04 15:44:36.841429,40.15704817685816,4643.735934807144,4108.245626375349,2671871.84936099
2025-06-04 16:44:36.841429,40.09703848113294,4756.457703430252,4090.7899711127616,2611168.118262718
2025-06-04 17:44:36.841429,40.22142847347114,4841.789645335908,4090.81590815699,2546777.470081003
2025-06-04 18:44:36.841429,40.169727338184515,4958.194589415033,4064.2219782834077,2618933.264275074
2025-06-04 19:44:36.841429,40.16014640236735,5055.977298873699,4006.1376989166074,2545203.196204644
2025-06-04 20:44:36.841429,40.33506053177388,4973.778118554626,3973.332731905282,2572700.158522225
2025-06-04 21:44:36.841429,40.42618377853427,4974.217077004686,3949.9239180963227,2556998.973648378
2025-06-04 22:44:36.841429,40.42438483948241,4972.50834894626,3836.3088794977116,2593520.6378555726
2025-06-04 23:44:36.841429,40.31709770186475,4892.4640516003565,3840.37548018858,2546377.598316344
2025-06-05 00:44:36.841429,40.28161158855141,4893.513346905076,3887.367335926965,2389416.541764688
2025-06-05 01:44:36.841429,40.29600650490377,4897.1836295484,3833.887034123496,2404532.102308472
2025-06-05 02:44:36.841429,40.31025186032296,4848.447558325217,3831.119135368423,2434018.300083781
2025-06-05 03:44:36.841429,40.29851848236635,4865.771611814631,3834.973097873228,2446739.596730404
2025-06-05 04:44:36.841429,40.161053273431754,4866.126367272952,3852.6774655802224,2452591.554689867
2025-06-05 05:44:36.841429,40.08245371919901,4894.236589631883,3889.096437916658,2322256.6987155033
2025-06-05 06:44:36.841429,40.05122451894692,4877.943227862063,3923.3844929886245,2316464.463831509
2025-06-05 07:44:36.841429,40.08019176058987,4860.524459601404,3987.242485650986,2374386.411211707
2025-06-05 08:44:36.841429,40.201406352237974,4943.656587195885,3940.1501055344684,2388609.644262918
2025-06-05 09:44:36.841429,40.16237808367207,4969.813544902323,3841.706805338166,2307564.4283209885
2025-06-05 10:44:36.841429,40.2691953165909,4983.8865982712905,3817.6652759810795,2233460.8160963804
2025-06-05 11:44:36.841429,40.36333588201779,4991.172439341481,3756.2912792837624,2284003.2559467144
2025-06-05 12:44:36.841429,40.35395444530881,5051.363405162625,3745.4134970011487,2419965.738988996
2025-06-05 13:44:36.841429,40.3523499089686,5071.884442142064,3712.403017434552,2398951.4665866285
2025-06-05 14:44:36.841429,40.23238705489178,5026.604832867483,3693.0637505216296,2478054.6932240548
2025-06-05 15:44:36.841429,40.276920901463875,4971.9771637162985,3652.908493010303,2507674.145426851
2025-06-05 16:44:36.841429,40.26403620212602,5008.896750455115,3650.6628309624757,2466148.0931263096
2025-06-05 17:44:36.841429,40.21072582887045,4987.678299874986,3632.6351976711253,2392760.1682125092
2025-06-05 18:44:36.841429,40.13065512286178,5053.594468897068,3642.83001720401,2314810.479550224
2025-06-05 19:44:36.841429,40.20046096813301,4995.0047902299475,3671.1912739134214,2320183.1679430455
2025-06-05 20:44:36.841429,40.18723160132746,4981.693574444849,3631.1993524789095,2255058.2850229135
2025-06-05 21:44:36.841429,40.06356558986585,4913.5065967950395,3579.0506010476593,2216821.9048294527
2025-06-05 22:44:36.841429,39.97115253107727,4991.874863636049,3591.552690545681,2166208.856656259
2025-06-05 23:44:36.841429,40.02368077697491,5054.414705363579,3627.764944206272,2223107.0844553793
2025-06-06 00:44:36.841429,40.07254851904913,5154.759774078758,3674.491844173999,2192159.888426636
2025-06-06 01:44:36.841429,40.00809963167862,5114.915394501266,3713.056721446546,2151765.1267112214
2025-06-06 02:44:36.841429,40.06489576444364,5110.425645899584,3690.4491234747825,2171370.0595890777
2025-06-06 03:44:36.841429,40.0747979863397,5256.349721408907,3719.846905675084,2141701.293477855
2025-06-06 04:44:36.841429,40.062966693643226,5265.2591722368625,3687.27014951155,2021513.86286518
2025-06-06 05:44:36.841429,39.98115859074869,5352.211109625313,3702.5899341752765,1969149.6090605848
2025-06-06 06:44:36.841429,40.027886405207475,5321.514404160167,3726.8484810535288,1789828.6008437711
2025-06-06 07:44:36.841429,39.93396896111699,5280.3878769685925,3782.4870971373543,1847828.6849170988
2025-06-06 08:44:36.841429,39.93071993467181,5249.996706447974,3843.3306715229287,1779717.5302592649
2025-06-06 09:44:36.841429,39.92515501351633,5300.756018587099,3832.679865274393,1877115.8797868998
2025-06-06 10:44:36.841429,39.86358642555699,5349.397537355059,3805.616015366663,1824515.972546561
2025-06-06 11:44:36.841429,39.74724746619917,5420.687000851496,3833.5925762478073,1858374.06500663
2025-06-06 12:44:36.841429,39.62808057432862,5481.937610698181,3868.964673886426,1907193.3791482747
2025-06-06 13:44:36.841429,39.55121160477987,5389.33645222872,3898.9790765108664,1862317.0666621681
2025-06-06 14:44:36.841429,39.60353407626884,5587.2205085723535,3870.606009970059,1765095.5189117682
2025-06-06 15:44:36.841429,39.66151865594715,5610.1512707983175,3874.7404507352453,1710072.5235200343
2025-06-06 16:44:36.841429,39.66374026384601,5678.012228327889,3820.614496598812,1699069.7900650695
2025-06-06 17:44:36.841429,39.69043419977242,5834.98983004078,3773.800765149605,1797801.7170127886
2025-06-06 18:44:36.841429,39.66120585215717,5813.680742623233,3731.58748688715,1784670.0579417972
2025-06-06 19:44:36.841429,39.643483895933365,5921.60554614835,3762.538203190757,1760999.9855118007
2025-06-06 20:44:36.841429,39.655384758987765,6032.35251394778,3706.928707081657,1766225.5868846304
2025-06-06 21:44:36.841429,39.64995097270394,5931.844599646993,3714.7310287391133,1744157.9862091683
2025-06-06 22:44:36.841429,39.6435905338743,5924.444510092028,3714.653399457193,1781624.8517964068
2025-06-06 23:44:36.841429,39.455672397896514,5818.670806572336,3752.4805524082976,1801194.320267546
2025-06-07 00:44:36.841429,39.322887054831966,5829.562673077343,3757.437992920843,1896669.060366964
2025-06-07 01:44:36.841429,39.3476583185715,5873.662513851106,3678.5690389159877,1855590.023546699
2025-06-07 02:44:36.841429,39.436209331571355,5951.931131067369,3659.216221962213,1872362.8479880115
2025-06-07 03:44:36.841429,39.42435201520695,6011.524829065346,3749.486719710503,1874580.3636402043
2025-06-07 04:44:36.841429,39.36314384313692,6143.980715833271,3761.752852910273,1891945.3670813157
2025-06-07 05:44:36.841429,39.15795276696052,6125.37529996125,3782.800506125408,1885003.8136253185
2025-06-07 06:44:36.841429,39.18306137131197,6156.5324455466125,3779.79835600533,1960784.1791851292
2025-06-07 07:44:36.841429,39.19016881600361,6147.461840413511,3865.0761920491,1988091.1412176152
2025-06-07 08:44:36.841429,39.146958146176665,6185.550326339542,3816.647572155967,2001673.4042909907
2025-06-07 09:44:36.841429,39.14070457842601,6118.536130596043,3907.187712378692,2043084.3646300102
2025-06-07 10:44:36.841429,39.19339203148267,6113.580394596717,3983.0644866685525,2079892.596583623
2025-06-07 11:44:36.841429,39.219288921032174,6043.769121367234,3998.3850069546183,2061976.7766494958
2025-06-07 12:44:36.841429,39.21514883177967,6094.5420319968625,3997.089347631538,2102194.120618844
2025-06-07 13:44:36.841429,39.18328643465216,6090.997239981621,4039.3233632116844,2037728.7404716506
2025-06-07 14:44:36.841429,39.24322694673962,6093.697017054677,4031.8969834736868,2044296.5012348562
2025-06-07 15:44:36.841429,39.24665777964299,6102.027113010105,4039.473833681988,2106702.175870988
2025-06-07 16:44:36.841429,39.04591214544413,6174.242639514493,4042.32829875717,2048855.0206371425
2025-06-07 17:44:36.841429,39.18587142315611,6194.848630281125,3972.8995282788546,2116719.9554831395
2025-06-07 18:44:36.841429,39.19267332897308,6155.752258142393,3929.2395610756635,2179555.101916728
2025-06-07 19:44:36.841429,39.19886100788104,6050.202635504328,3961.3956019712064,2192886.1061773943
2025-06-07 20:44:36.841429,39.14737497432885,6092.613429957322,3994.5870246761233,2015272.0758562156
2025-06-07 21:44:36.841429,39.165919806144124,6038.266956769458,4021.1329072213307,2107918.24963545
2025-06-07 22:44:36.841429,39.19770083082924,6012.165943014853,3988.8592299582933,2133066.250900003
2025-06-07 23:44:36.841429,39.21047777405492,6122.727513257975,3908.938203117756,2104670.6000218973
2025-06-08 00:44:36.841429,39.257294287545136,6035.18684301849,3820.90450747133,2079906.6099553253
2025-06-08 01:44:36.841429,39.28944887205807,6204.64917866717,3784.150177693147,2028937.656568525
2025-06-08 02:44:36.841429,39.29653040838801,6142.176470363032,3744.9035570837036,2100082.5588684925
2025-06-08 03:44:36.841429,39.307226697266195,6026.412970574336,3768.7484000176714,2091390.2569521023
2025-06-08 04:44:36.841429,39.38444019486851,5990.757541819416,3802.6555306569962,2082107.0228472694
2025-06-08 05:44:36.841429,39.356625098428346,6031.465579239469,3820.1410599964984,1906343.9929774683
2025-06-08 06:44:36.841429,39.207397405908246,5949.029405229148,3824.424592066083,1919404.0786115034
2025-06-08 07:44:36.841429,39.151354165812435,5851.383981932829,3889.871720235909,1940897.731209917
2025-06-08 08:44:36.841429,38.998251980789796,5865.81860633304,3897.971308615182,1899162.4414339212
2025-06-08 09:44:36.841429,38.985019140463116,5714.198358290608,3881.7905661675336,1866635.7335180375
2025-06-08 10:44:36.841429,38.7726614537098,5764.227694789297,3843.3052717237542,1894893.689362076
2025-06-08 11:44:36.841429,38.62995346663679,5712.099546740328,3887.666302591647,1818068.511688206
2025-06-08 12:44:36.841429,38.5060914329298,5674.6562871614115,3818.3386797457615,1778506.4113614352
2025-06-08 13:44:36.841429,38.457103104769715,5677.9254806253075,3756.055463747286,1729915.6637762699
2025-06-08 14:44:36.841429,38.34129781122652,5670.678736261114,3746.5636722035974,1767472.7921860483
2025-06-08 15:44:36.841429,38.18744744239296,5665.9840435762035,3797.634259333636,1752970.4822355928
2025-06-08 16:44:36.841429,38.312582617848435,5788.499617379568,3845.0191927925707,1855737.8590728606
2025-06-08 17:44:36.841429,38.28798770771939,5751.91409509707,3856.58954220967,1847694.8181198996
2025-06-08 18:44:36.841429,38.14425689822195,5652.632436805808,3870.8796009539715,1917213.1307627375
2025-06-08 19:44:36.841429,38.17304507563958,5686.303741432536,3868.6638131407562,1884376.6632507942
2025-06-08 20:44:36.841429,38.17459943836768,5664.1356440639765,3784.8212817607873,1911598.0130252442
2025-06-08 21:44:36.841429,38.218774183006964,5833.341388548027,3704.706664095366,1978036.689976835
2025-06-08 22:44:36.841429,38.21098645605103,5802.650697149494,3721.7415819775724,1977587.8822271416
2025-06-08 23:44:36.841429,38.194212299659796,5742.37593438563,3775.991965971049,2028555.2155269217
2025-06-09 00:44:36.841429,38.26274222789712,5662.308877447786,3742.1487410897844,2043688.431481671
2025-06-09 01:44:36.841429,38.20792425782858,5691.90653279305,3779.498192956267,2076418.7646777674
2025-06-09 02:44:36.841429,38.22551070996671,5705.405423741174,3804.8239468108263,1991796.6155494575
2025-06-09 03:44:36.841429,38.15978405167636,5788.7014491923655,3792.5595478467017,1976138.1522012092
2025-06-09 04:44:36.841429,38.02521942822461,5800.1251925483675,3761.665123902157,1983525.3527422762
2025-06-09 05:44:36.841429,38.02962174578337,5709.9365258774,3755.5533936014785,1949815.3655975943
2025-06-09 06:44:36.841429,37.95943256166178,5691.889315376849,3747.6335234666344,1915036.7162684835
2025-06-09 07:44:36.841429,38.12308660108205,5721.2490329571265,3742.964487774849,1976811.2907004252
2025-06-09 08:44:36.841429,38.017875348442445,5840.477205293737,3750.9739768678364,2086715.9276903898
2025-06-09 09:44:36.841429,38.044323743594475,5940.411197266255,3650.093401338623,2017523.8486002712
2025-06-09 10:44:36.841429,38.07181759906148,5895.372100400744,3632.857768583492,2029520.3762850189
2025-06-09 11:44:36.841429,38.054555958299616,5914.127860837545,3656.924343264454,2039743.1831338352
2025-06-09 12:44:36.841429,38.09911723753934,6016.2841814349695,3619.955879962157,2007459.621858136
2025-06-09 13:44:36.841429,38.15018532522345,6133.611002306017,3583.6835869401607,1953705.64845356
2025-06-09 14:44:36.841429,38.23405994137209,6141.887608624796,3570.400480822914,1934664.291452406
2025-06-09 15:44:36.841429,38.259546960489516,6155.452569446652,3479.9267450182883,1829706.570507971
2025-06-09 16:44:36.841429,38.28302684754149,6234.390259448934,3481.2160249168423,1836278.3453838688
2025-06-09 17:44:36.841429,38.30636207084394,6190.736722605092,3408.8166931624305,1946289.7247407485
2025-06-09 18:44:36.841429,38.28434392586489,6307.561621617068,3405.424869624519,1964274.25979964
2025-06-09 19:44:36.841429,38.321833691168905,6372.878239665968,3363.9701556150676,2041034.9006695035
2025-06-09 20:44:36.841429,38.28842516220913,6356.049562561932,3331.3326866554653,2090859.055976473
2025-06-09 21:44:36.841429,38.332610189914874,6414.551120024148,3284.6165856817734,2031981.7422002559
2025-06-09 22:44:36.841429,38.21255854689307,6524.254149101573,3278.688299194723,1987535.5823878052
2025-06-09 23:44:36.841429,38.17632921855649,6649.757009262297,3298.6653962913433,1893221.2688018815
2025-06-10 00:44:36.841429,38.20517754857686,6779.872745080019,3270.8435650437928,1815998.4661441538
2025-06-10 01:44:36.841429,38.12891821981616,6847.364535163965,3316.5470263603675,1777765.9904949851
2025-06-10 02:44:36.841429,38.21371263764071,6748.0440432907235,3268.724332155216,1751818.534197302
2025-06-10 03:44:36.841429,38.1784492343087,6757.871367253988,3277.1081042232513,1785755.7796222665
2025-06-10 04:44:36.841429,38.19233250950768,6714.376669358917,3246.4576102652177,1741834.724929359
2025-06-10 05:44:36.841429,38.205082563551656,6719.9034345924165,3236.1488409812778,1875192.1902810642
2025-06-10 06:44:36.841429,38.21195908118489,6673.2416170750885,3205.3794870203224,1854405.024690178
2025-06-10 07:44:36.841429,38.33171250683683,6610.583034715687,3180.333971484927,1763114.7007692864
2025-06-10 08:44:36.841429,38.4049027020192,6655.127425142013,3195.704772107299,1823164.3242332465
2025-06-10 09:44:36.841429,38.354169521746186,6657.277384725173,3192.563715980353,1881848.6554494386
2025-06-10 10:44:36.841429,38.33556795041275,6558.829306129765,3145.56129466906,1832651.5071237234
2025-06-10 11:44:36.841429,38.503459155474935,6603.720410716733,3143.0641202157253,1881689.8355956231
2025-06-10 12:44:36.841429,38.4995338194514,6545.16666250721,3214.1527261965202,1856072.330572684
2025-06-10 13:44:36.841429,38.42648462321854,6622.532326339016,3174.2985428764237,1939413.4022504766
2025-06-10 14:44:36.841429,38.5253316277546,6648.7597686174,3192.1979526729765,1941097.1190649688
2025-06-10 15:44:36.841429,38.631814097883584,6812.896569470715,3211.9528902115285,2013676.4657331214
2025-06-10 16:44:36.841429,38.6514634721157,6870.062624487311,3223.4403110166004,2032955.3063090087
2025-06-10 17:44:36.841429,38.645243884226446,6826.476016521582,3276.51428094163,1964931.017002307
2025-06-10 18:44:36.841429,38.763951241680324,7001.172554846435,3267.4009411383113,1930581.966854724
2025-06-10 19:44:36.841429,38.87879013853274,7012.829024088583,3272.399444431579,1976456.3831164113
2025-06-10 20:44:36.841429,38.79995003030605,6951.948731031017,3205.849745760622,2031865.2332949894
2025-06-10 21:44:36.841429,38.65229727894757,7082.0495524465905,3189.9762028293444,1893880.7767184158
2025-06-10 22:44:36.841429,38.618560324150195,7088.491214667307,3204.9421347253647,1846725.8634129565
2025-06-10 23:44:36.841429,38.69258243645374,7037.757288107904,3191.657661612368,1842817.1348384053
2025-06-11 00:44:36.841429,38.74642244810699,6985.890948505815,3181.4280975903807,1911501.0854477498
2025-06-11 01:44:36.841429,38.74077895142673,6878.592014026024,3160.0913627608147,1942621.979855035
2025-06-11 02:44:36.841429,38.758563689877626,6951.954029011955,3162.7704767332,1939784.0664818408
2025-06-11 03:44:36.841429,38.7374235447086,6844.505750727285,3109.7497889161377,1904021.082693903
2025-06-11 04:44:36.841429,38.8074499773022,6875.571784487774,3079.7275266991437,1920931.064926755
2025-06-11 05:44:36.841429,38.847135814274154,6882.069748863925,3068.5002302576963,1852672.5762504477
2025-06-11 06:44:36.841429,38.82409480731955,6911.801676255381,3090.428017159174,1846495.7370777694
2025-06-11 07:44:36.841429,38.73007287893451,6839.244661906917,3143.2379512046523,1779522.8286987713
2025-06-11 08:44:36.841429,38.73597549688501,6865.778312416527,3090.1108644432384,1831699.8508207484
2025-06-11 09:44:36.841429,38.76295966271834,7002.168382335022,3071.248698267896,1807680.5425518581
2025-06-11 10:44:36.841429,38.74347245094901,6993.157811203058,3027.4067131644865,1766053.9782529518
2025-06-11 11:44:36.841429,38.73098758788254,6992.695927516846,3019.2012330469715,1850833.703242335
2025-06-11 12:44:36.841429,38.69744621528614,7028.224706045994,2990.361091875789,1826819.8458739195
2025-06-11 13:44:36.841429,38.59081063617569,7235.1341858122305,3010.5733435214856,1822547.817403636
2025-06-11 14:44:36.841429,38.63663909021061,7267.6657310921655,2984.944314494178,1820444.388107789
2025-06-11 15:44:36.841429,38.61026695741472,7394.487361273608,3013.889557967408,1719811.6638010812
2025-06-11 16:44:36.841429,38.595308440364285,7564.366036523758,3014.731183998496,1702315.7149271725
2025-06-11 17:44:36.841429,38.699466893883326,7660.952983303676,3002.5301912226114,1691029.0242134854
2025-06-11 18:44:36.841429,38.62177626238158,7684.6697202130335,2983.739766667475,1671825.2501154188
2025-06-11 19:44:36.841429,38.52518529674433,7459.982525519577,2972.586012860079,1703204.2616336734
2025-06-11 20:44:36.841429,38.503856376071575,7602.1190837268605,2924.04373032343,1753752.274060435
2025-06-11 21:44:36.841429,38.47007848337395,7619.7450172862245,2955.2997466073407,1681855.8703456996
2025-06-11 22:44:36.841429,38.6018096495196,7657.10308069394,2937.477791584679,1675034.212660849
2025-06-11 23:44:36.841429,38.603584180786804,7488.339681990766,2972.976505071758,1687238.783914751
2025-06-12 00:44:36.841429,38.59646855792275,7607.251274092171,2955.6324288394067,1680803.8095127326
2025-06-12 01:44:36.841429,38.64958405354824,7569.082003989811,2927.805619234535,1666603.761509916
2025-06-12 02:44:36.841429,38.620699510074424,7449.186105546039,2964.92566356068,1662793.8734026928
2025-06-12 03:44:36.841429,38.57804704899457,7289.517648575568,2991.0534887698614,1623421.342906256
2025-06-12 04:44:36.841429,38.53878908061446,7261.522984422134,2972.5874464804597,1623526.7068018876
2025-06-12 05:44:36.841429,38.63538042977049,7367.145085981709,2916.6529540893457,1659018.0038490691
2025-06-12 06:44:36.841429,38.58089072339297,7589.812999845335,2934.8088203594752,1551516.7742136389
2025-06-12 07:44:36.841429,38.44982616284979,7643.963842322131,2944.0629660784944,1601573.3565947632
2025-06-12 08:44:36.841429,38.44035303463894,7633.488250624872,2928.0307754132223,1541442.113388092
2025-06-12 09:44:36.841429,38.554873073428254,7807.195133894905,2895.537230381748,1554065.0970510978
2025-06-12 10:44:36.841429,38.66000866622551,8009.927492751394,2855.5413856491236,1571502.2772161134
2025-06-12 11:44:36.841429,38.6708885274499,8051.450689475455,2825.831455223329,1549694.2397647665
2025-06-12 12:44:36.841429,38.55255536635317,7891.636378200451,2832.295484725109,1464583.1496281328
2025-06-12 13:44:36.841429,38.509744091288056,7983.976790554379,2843.783039328441,1438557.6194328002
2025-06-12 14:44:36.841429,38.48658215220478,7943.267838215787,2861.244811672686,1431110.911537325
2025-06-12 15:44:36.841429,38.58277678921293,8074.223470448348,2853.3140833056477,1358625.8369165622
2025-06-12 16:44:36.841429,38.752060068722095,8045.0395298287585,2865.0809750771336,1369570.6136474658
2025-06-12 17:44:36.841429,38.77354745226955,8106.163930150687,2875.2247284019577,1327766.0644430772
2025-06-12 18:44:36.841429,38.7887393634263,8042.62004242822,2863.778028890602,1302098.7499821736
2025-06-12 19:44:36.841429,38.91025734346551,8082.469650427985,2895.0386714108813,1289745.155429178
2025-06-12 20:44:36.841429,39.04506262246396,8279.822904824505,2936.3071365190945,1265680.845390523
2025-06-12 21:44:36.841429,38.98986026226659,8161.250241226416,2978.892299192882,1253948.6632553115
2025-06-12 22:44:36.841429,39.03912983664463,8338.49608122437,3015.6125847851195,1327863.4170115397
2025-06-12 23:44:36.841429,39.065043529758704,8228.025785428097,3010.9028670815237,1325201.5236272593
2025-06-13 00:44:36.841429,38.842046679302854,8194.965380056774,2953.9207938773243,1363926.9383531788
2025-06-13 01:44:36.841429,38.76397958053202,8195.702301500425,2941.515501935161,1441412.564377185
2025-06-13 02:44:36.841429,38.56205836807489,8289.542660260007,2970.2470549220225,1420455.1014479348
2025-06-13 03:44:36.841429,38.559491569824495,8389.459587286472,2963.2951706196623,1406158.2796233078
2025-06-13 04:44:36.841429,38.4796053900357,8411.260955756366,2993.7980381666325,1381422.914760425
2025-06-13 05:44:36.841429,38.388793399913816,8438.526584640338,2957.521298293481,1439026.3512968798
2025-06-13 06:44:36.841429,38.34003944956932,8155.452530324591,2928.5557879536236,1412322.877981269
2025-06-13 07:44:36.841429,38.40679458558834,7965.9926030344395,2939.0288399766523,1358148.8310382906
2025-06-13 08:44:36.841429,38.42852804555572,7874.599006126589,2914.5205067277093,1353076.386191084
2025-06-13 09:44:36.841429,38.53722802606117,7761.570102575799,2943.9046969056167,1359471.2787642158
2025-06-13 10:44:36.841429,38.50933442588504,7948.066772266274,2918.6124055055125,1358443.8293614285
2025-06-13 11:44:36.841429,38.579849652722395,7990.575921026208,2894.4155993424356,1318120.5533222058
2025-06-13 12:44:36.841429,38.5444164021273,8199.786789959919,2879.2820415573165,1296186.1127958626
2025-06-13 13:44:36.841429,38.52635124499908,7986.227430738172,2939.425165476003,1327771.9585008598
2025-06-13 14:44:36.841429,38.46496368580978,7718.820136912576,2868.0766229755636,1306259.6208235843
2025-06-13 15:44:36.841429,38.44085885988632,7854.085490509053,2871.932005938868,1349696.302271344
2025-06-13 16:44:36.841429,38.506207402962275,7778.827808480282,2832.366154352607,1280511.721674219
2025-06-13 17:44:36.841429,38.513425487792155,7859.974294268221,2824.041438152743,1275225.120203573
2025-06-13 18:44:36.841429,38.48311395921632,7893.076168960517,2843.716102662172,1279226.9838094686
2025-06-13 19:44:36.841429,38.39265748923822,7887.402021959054,2842.6980773627524,1290188.294351343
2025-06-13 20:44:36.841429,38.334498381042316,8031.442753966452,2894.353226058886,1227783.501892278
2025-06-13 21:44:36.841429,38.40388111359325,7864.466157586381,2865.7128091105815,1274880.622908555
2025-06-13 22:44:36.841429,38.329406923007106,7867.6763469680045,2853.3038260532385,1290188.9463420731
2025-06-13 23:44:36.841429,38.378706243028276,7830.047767127983,2861.1624083802885,1335361.4618402885
2025-06-14 00:44:36.841429,38.36590312014861,7860.300570428241,2818.935035394445,1380441.6235840048
2025-06-14 01:44:36.841429,38.32278269985604,7866.760433387806,2810.43584280452,1346588.1913131666
2025-06-14 02:44:36.841429,38.32371804745036,8168.953380132909,2790.369171031368,1319068.1858809069
2025-06-14 03:44:36.841429,38.30653530098866,8121.26166409007,2791.5553471860585,1276595.7025655112
2025-06-14 04:44:36.841429,38.34575445105178,8072.337808457244,2801.7319245325193,1287547.8700647554
2025-06-14 05:44:36.841429,38.26111316307306,8211.718000960898,2768.973263714711,1306415.9895074982
2025-06-14 06:44:36.841429,38.18692986787014,8230.136210007224,2747.2804071025575,1288429.3098439863
2025-06-14 07:44:36.841429,38.27832845984437,8292.861504318804,2715.9605562857573,1246036.751589549
2025-06-14 08:44:36.841429,38.19938880542161,8300.575983717017,2688.4456300401675,1219245.8609723945
2025-06-14 09:44:36.841429,38.177887501207096,8214.008904135095,2672.7102125103766,1264058.0529101705
2025-06-14 10:44:36.841429,38.11147367619393,8185.389996697523,2668.7997334928673,1335468.2928728582
2025-06-14 11:44:36.841429,38.104726851512595,7996.94871921654,2648.0967024620013,1276796.735827329
2025-06-14 12:44:36.841429,38.02187662760869,7974.509821898991,2618.1663336045362,1261172.4560879534
2025-06-14 13:44:36.841429,37.9046391340703,7961.738631091061,2571.6327714065324,1270547.5312384043
2025-06-14 14:44:36.841429,37.910043219673796,8247.082508636899,2515.3602235622457,1324102.036635597
2025-06-14 15:44:36.841429,37.89098689084024,8239.445800595982,2537.647950882841,1329179.0052505764
2025-06-14 16:44:36.841429,37.847310092900436,8403.790049061072,2515.269127446514,1280060.2786244375
2025-06-14 17:44:36.841429,37.84992797455675,8283.250890987008,2573.209627899931,1327249.530817684
2025-06-14 18:44:36.841429,37.71494555551759,8098.757332783936,2542.487268510936,1279525.717123424
2025-06-14 19:44:36.841429,37.74583368572192,8158.96459628809,2516.069964085989,1400015.0956685888
2025-06-14 20:44:36.841429,37.75271447746352,8149.260972154487,2487.1025441320917,1343211.7266092643
2025-06-14 21:44:36.841429,37.713274303165335,8184.548112245756,2426.2729938636294,1315326.0330048325
2025-06-14 22:44:36.841429,37.649556774150774,8276.342205993491,2426.1924912409977,1254199.4721264238
2025-06-14 23:44:36.841429,37.634596588165024,8360.018634178285,2404.7543764895477,1212461.11155803
2025-06-15 00:44:36.841429,37.650117135681576,8380.575037642862,2369.982541310974,1175660.044573457
2025-06-15 01:44:36.841429,37.62383270568141,8295.936580331561,2387.8451948884212,1213197.0248361402
2025-06-15 02:44:36.841429,37.643331791984096,8298.845927968438,2340.528957491081,1232177.7584212178
2025-06-15 03:44:36.841429,37.642081562529796,8508.923064797067,2328.8648217947352,1276974.0557424761
2025-06-15 04:44:36.841429,37.68611273840772,8685.38322570975,2322.3344852506134,1244292.552297825
2025-06-15 05:44:36.841429,37.60777394516931,8819.077115733138,2318.8937048040684,1204861.8349335091
2025-06-15 06:44:36.841429,37.61284813929657,8990.334450079343,2337.498527896165,1267966.023385528
2025-06-15 07:44:36.841429,37.619544117419366,8960.05662830194,2345.7894052212987,1342153.9890355
2025-06-15 08:44:36.841429,37.56465530045126,8813.132851897386,2376.2141009741354,1396096.3599877197
2025-06-15 09:44:36.841429,37.47747093450989,8868.384372187089,2424.369828768287,1351166.4960763068
2025-06-15 10:44:36.841429,37.46833156470737,8760.73046906462,2440.394777720639,1339439.0962713503
2025-06-15 11:44:36.841429,37.50037471820676,8836.80946004628,2400.5166651305767,1352585.51363761
2025-06-15 12:44:36.841429,37.5730751598069,8539.481076689115,2338.8503990667828,1335532.4192700337
2025-06-15 13:44:36.841429,37.44717120553513,8528.765311423464,2356.153505661503,1348242.9179541054
2025-06-15 14:44:36.841429,37.41718252660569,8788.74895877886,2350.610796618758,1410486.6099734495
2025-06-15 15:44:36.841429,37.30579925353342,8700.635204792452,2370.21799986964,1417485.8793891391
2025-06-15 16:44:36.841429,37.24538876698493,8798.863623908153,2383.6775189349223,1351879.664736583
2025-06-15 17:44:36.841429,37.128920586084035,8753.028780508677,2347.7509562577306,1387948.9291029838
2025-06-15 18:44:36.841429,36.98436679696287,8750.996023285395,2354.9384201892594,1363368.3860001839
2025-06-15 19:44:36.841429,37.09446897994726,8971.456639023787,2340.7450477942734,1381363.54690717
2025-06-15 20:44:36.841429,37.131338937397224,9173.623692713063,2303.767157027599,1415432.595689651
2025-06-15 21:44:36.841429,37.05511496987341,9094.845918175044,2297.3165934981625,1350832.0862328901
2025-06-15 22:44:36.841429,37.122961924003626,9125.098325391358,2297.583723340973,1330525.975867874
2025-06-15 23:44:36.841429,37.13006164646098,9252.806035529598,2325.442746051111,1310858.5421261583
2025-06-16 00:44:36.841429,37.055255343212195,9531.263482377679,2294.5934698232068,1375819.3230142193
2025-06-16 01:44:36.841429,36.93292677090103,9656.394085307033,2292.3813120083423,1313938.1457473165
2025-06-16 02:44:36.841429,36.9960930570121,9506.553437525083,2313.2388838082957,1301585.7127202111
2025-06-16 03:44:36.841429,36.90978799461117,9705.830410042323,2308.9506047164455,1341185.9450211222
2025-06-16 04:44:36.841429,36.85557958992538,9799.148397920757,2345.0419341352176,1313288.3341898753
2025-06-16 05:44:36.841429,36.83496209372474,9323.550541242232,2351.385918117293,1296169.6296643028
2025-06-16 06:44:36.841429,36.67383968701004,9096.758203730102,2402.121335552998,1318108.848415486
2025-06-16 07:44:36.841429,36.80169771305916,8872.7779867333,2378.5332329583293,1317373.9903891492
2025-06-16 08:44:36.841429,36.731682926216166,8932.573154811333,2375.803246082123,1260228.1575560044
2025-06-16 09:44:36.841429,36.71238871645529,9046.911355033482,2381.2370562686056,1254306.911169002
2025-06-16 10:44:36.841429,36.72635264994926,9091.444350814862,2324.798222195348,1291783.929733393
2025-06-16 11:44:36.841429,36.58173547740921,8918.994243917907,2309.2992384248955,1352534.0488903609
2025-06-16 12:44:36.841429,36.50502723607758,9152.743801737937,2296.8699808583424,1325887.1214928965
2025-06-16 13:44:36.841429,36.42182714615004,9342.457007240899,2291.5258642666977,1374061.371013049
2025-06-16 14:44:36.841429,36.430735450529255,9432.24300231098,2247.9617595115096,1373975.5239420251
2025-06-16 15:44:36.841429,36.39830454655879,9369.911764935081,2255.3088486134125,1366799.9806999604
2025-06-16 16:44:36.841429,36.43190392447167,9080.138386560948,2270.5124487443145,1460544.6103469888
2025-06-16 17:44:36.841429,36.3532386179074,9095.467395328884,2286.850153271969,1483077.005599001
2025-06-16 18:44:36.841429,36.328865682003375,9136.225579691396,2282.2464471687676,1471843.8614518333
2025-06-16 19:44:36.841429,36.40825744852332,9084.730345441132,2271.5532904242978,1500970.5951433212
2025-06-16 20:44:36.841429,36.42274334689815,9309.304943414307,2273.417883287313,1544576.1676654231
2025-06-16 21:44:36.841429,36.46287017579929,9160.511453283218,2257.4112334338765,1526015.20169377
2025-06-16 22:44:36.841429,36.517380025626196,9309.83315325601,2287.2576413544825,1574223.988607083
2025-06-16 23:44:36.841429,36.425899583283005,9515.60022087708,2239.6425464269655,1562216.1427845608
2025-06-17 00:44:36.841429,36.445989627344815,9507.855710944596,2232.505209401701,1480911.7733106567
2025-06-17 01:44:36.841429,36.485696335645535,9343.682397296465,2215.6085764488416,1508221.2342773317
2025-06-17 02:44:36.841429,36.582785094014326,9176.814785089471,2221.1656704161724,1473872.0701544092
2025-06-17 03:44:36.841429,36.624404675128744,9053.23660607491,2203.464317869766,1518895.0385711463
2025-06-17 04:44:36.841429,36.634213072738774,9457.343273597318,2226.2827889293194,1442747.098916001
2025-06-17 05:44:36.841429,36.69631352135583,9615.371941304202,2229.1983499431144,1477721.1831078532
2025-06-17 06:44:36.841429,36.70022863421026,9566.769631239898,2215.797204941916,1505537.433494779
2025-06-17 07:44:36.841429,36.74856327437153,9482.357730923448,2188.8035887171545,1514443.4110889
2025-06-17 08:44:36.841429,36.70509007451243,9401.5502013721,2175.7354274516147,1507191.9941133016
2025-06-17 09:44:36.841429,36.647641421308485,9531.525597513806,2202.5078323832313,1457034.8856809405
2025-06-17 10:44:36.841429,36.568478127912705,9688.269205514876,2208.0588610104937,1475324.265421643
2025-06-17 11:44:36.841429,36.7254592606942,9820.996319124108,2205.1663681390733,1499271.2030342396
2025-06-17 12:44:36.841429,36.670373210482225,9705.119164462976,2221.9190604361056,1422639.8203685367
2025-06-17 13:44:36.841429,36.684790027904974,9669.186255443297,2225.637617488381,1484863.7782837937
2025-06-17 14:44:36.841429,36.7189176092904,9650.86058192017,2200.849808888992,1570515.9998194512
2025-06-17 15:44:36.841429,36.810198000243155,9824.78090412014,2215.3208703519513,1472797.668794306
2025-06-17 16:44:36.841429,36.87762140236301,9661.053612211399,2199.732909679904,1448381.1977313554
2025-06-17 17:44:36.841429,37.012775547758245,9688.326779581315,2231.730019494414,1399480.5448430225
2025-06-17 18:44:36.841429,37.114349721205215,9803.454666355861,2185.4844156920285,1426837.1207173008
2025-06-17 19:44:36.841429,36.98012755614675,9791.074955937404,2178.533853496064,1460597.8260556834
2025-06-17 20:44:36.841429,37.057211702884594,9661.194561899865,2149.6974999956537,1450679.4979797623
2025-06-17 21:44:36.841429,37.06498903728614,9435.894683323884,2118.4551897728024,1492914.658907364
2025-06-17 22:44:36.841429,37.01956555511988,9506.533343668258,2123.1849436737625,1559736.8284931711
2025-06-17 23:44:36.841429,36.95684341231403,9422.624853693607,2110.7613237030455,1576010.1200871835
2025-06-18 00:44:36.841429,36.83290277004452,9427.97146037865,2114.277653477742,1549439.810532891
2025-06-18 01:44:36.841429,36.752655240424815,9397.862327944382,2118.6629812919537,1585000.2767614129
2025-06-18 02:44:36.841429,36.75215892964536,9361.899471187466,2135.6293629658508,1590886.2497242435
2025-06-18 03:44:36.841429,36.77245206991203,9386.964265690842,2153.2292357745555,1597791.8605941455
2025-06-18 04:44:36.841429,36.78399122457505,9376.893638681739,2094.221852228065,1619009.2774580468
2025-06-18 05:44:36.841429,36.733945039048415,9270.616607773221,2083.1186270676894,1654258.1847089245
2025-06-18 06:44:36.841429,36.76895207172039,9301.561783840241,2106.491386479185,1654557.479687945
2025-06-18 07:44:36.841429,36.825436920903726,9293.619722313812,2080.3377467452788,1618211.6226571468
2025-06-18 08:44:36.841429,36.82058092608658,9393.342936136638,2078.425473818011,1618207.3257488778
2025-06-18 09:44:36.841429,36.93530736976081,9354.390304150416,2071.200676321032,1608739.512156921
2025-06-18 10:44:36.841429,36.964093667712866,9282.418496437464,2057.8844378958534,1558732.843841972
2025-06-18 11:44:36.841429,37.03855859951816,9470.365836701927,2078.3234565117955,1550564.8704715502
2025-06-18 12:44:36.841429,37.053460378608776,9757.641636268361,2043.9169151531835,1565766.4909013088
2025-06-18 13:44:36.841429,37.0221756787183,9973.669325953693,2033.1608003238005,1520742.6363789882
2025-06-18 14:44:36.841429,37.054187195011494,9867.957613699415,2008.5142201454462,1610614.020035777
2025-06-18 15:44:36.841429,37.033442441804986,10018.094018490394,1961.2231600460575,1604969.4813757036
2025-06-18 16:44:36.841429,36.97112364439374,10006.066720610559,1963.4683403997922,1578736.974918524
2025-06-18 17:44:36.841429,36.894563109756234,10070.0990944799,1952.2149178202142,1640920.3558871655
2025-06-18 18:44:36.841429,36.877412638687936,9955.433084533872,1998.7509473464888,1645188.1754785485
2025-06-18 19:44:36.841429,36.90374560864287,10015.384410792241,1976.1573506399955,1655359.6433500804
2025-06-18 20:44:36.841429,36.98862782884915,9964.194944134806,1949.500998668312,1607463.3798834593
2025-06-18 21:44:36.841429,37.02706967673594,10156.258185355993,1926.0294048535568,1558925.2520612213
2025-06-18 22:44:36.841429,36.87033569522922,10468.959785804658,1913.8707014142465,1558044.751577884
2025-06-18 23:44:36.841429,36.88110698802924,10566.352454690745,1883.0590198443938,1515708.5754768674
2025-06-19 00:44:36.841429,36.76740983444704,10832.460509272783,1881.2253004521374,1510459.1348029631
2025-06-19 01:44:36.841429,36.75961143358812,10828.301730639061,1837.1878515714386,1471473.493173073
2025-06-19 02:44:36.841429,36.69706295369199,10682.13373007766,1845.602894342271,1467697.350847169
2025-06-19 03:44:36.841429,36.74181239121384,10644.261162184519,1853.2139751543598,1525279.831406653
2025-06-19 04:44:36.841429,36.765966704487596,10560.226435622204,1790.3446040705305,1494042.5532348317
2025-06-19 05:44:36.841429,36.78328113791458,10543.535516723327,1795.9049243437162,1499878.6229992886
2025-06-19 06:44:36.841429,36.76715873655634,10586.008557465118,1821.802509717481,1523158.8533640315
2025-06-19 07:44:36.841429,36.780155525712,10796.01076271729,1804.5610471920777,1524654.5340349064
2025-06-19 08:44:36.841429,36.837074996053694,10841.590753393013,1787.402027873677,1591184.9529993623
2025-06-19 09:44:36.841429,36.847336332425485,10945.445007620949,1810.3091040237966,1607828.5082226137
2025-06-19 10:44:36.841429,36.755100789573554,11084.261532569633,1780.3994077409584,1585831.1805708322
2025-06-19 11:44:36.841429,36.695475677888865,11128.780992445816,1784.4285285260476,1598263.4784410002
2025-06-19 12:44:36.841429,36.68834289882423,10999.748413886076,1800.0495814227825,1602050.8010801182
2025-06-19 13:44:36.841429,36.72866895332387,11244.323738522096,1784.099511150294,1645261.531738915
2025-06-19 14:44:36.841429,36.718863682064196,11116.386990584728,1784.9676104914665,1646157.5817162693
2025-06-19 15:44:36.841429,36.79934961481955,10878.855569925268,1804.0335358773202,1603909.823264481
2025-06-19 16:44:36.841429,36.6537340908424,10868.809179679274,1812.2971573688628,1549002.532800537
2025-06-19 17:44:36.841429,36.580928283103326,10908.685469568545,1806.3538486219481,1534863.5047208203
2025-06-19 18:44:36.841429,36.58874591714471,10587.501984559918,1772.6776870441045,1481613.8657626342
2025-06-19 19:44:36.841429,36.7273017643949,10583.570503563618,1750.503636353236,1447105.9991929159
2025-06-19 20:44:36.841429,36.76646889804629,10715.851959179212,1712.0201379528694,1454882.0872129407
2025-06-19 21:44:36.841429,36.762718332831945,10751.63866800323,1714.486131947206,1407744.0035183101
2025-06-19 22:44:36.841429,36.71751076589535,10826.12929302538,1728.19460144456,1464887.9926592284
2025-06-19 23:44:36.841429,36.69222324962238,10701.881648645593,1720.4014690285946,1483460.433662681
2025-06-20 00:44:36.841429,36.668532266098765,10832.11779697731,1723.8968397109916,1501556.597588265
2025-06-20 01:44:36.841429,36.74859742329132,10918.582686902306,1716.2536922847614,1470602.635689608
2025-06-20 02:44:36.841429,36.72363864305162,11261.701267901264,1724.0331732774348,1513266.3868180276
2025-06-20 03:44:36.841429,36.72947289407893,10849.514560861106,1707.0592298842466,1461571.2732649797
2025-06-20 04:44:36.841429,36.661726056726394,10883.692153880285,1712.2516543172587,1438276.7735063604
2025-06-20 05:44:36.841429,36.62724006304335,10751.103818453068,1726.4856648605237,1323241.4491125534
2025-06-20 06:44:36.841429,36.723795166796414,10744.776356564296,1730.5610814113586,1286647.4004579536
2025-06-20 07:44:36.841429,36.6824666110368,11021.323193895201,1719.4475520482956,1270418.7925629313
2025-06-20 08:44:36.841429,36.55562862305657,11120.594327479164,1724.8595699242546,1321332.991644732
2025-06-20 09:44:36.841429,36.483946428349704,11167.223665007159,1713.8293048338944,1304684.4122505276
2025-06-20 10:44:36.841429,36.44262424790176,11407.813620812954,1732.2367723694767,1284077.531853536
2025-06-20 11:44:36.841429,36.38871503446645,11153.35457484921,1762.469404310011,1248593.1205331786
2025-06-20 12:44:36.841429,36.25203724539717,10738.937249495953,1781.392675400946,1280776.9428340802
2025-06-20 13:44:36.841429,36.33092242600183,11023.090969094435,1780.241589009626,1238440.155246949
2025-06-20 14:44:36.841429,36.44817846870915,11183.690822256794,1760.46604677022,1259108.8150508686
2025-06-20 15:44:36.841429,36.56359448966931,11092.865198444613,1755.8710821264067,1279679.0163238128
2025-06-20 16:44:36.841429,36.62637679087848,11076.152605748643,1735.605152488763,1254697.2203839226
2025-06-20 17:44:36.841429,36.56830643479559,10942.19131607998,1744.189432822557,1246958.6584489488
2025-06-20 18:44:36.841429,36.50926543359118,10823.957893071865,1783.3570437314552,1269456.8800819975
2025-06-20 19:44:36.841429,36.45737811782756,10632.904361592487,1768.131931528836,1312647.8563483048
2025-06-20 20:44:36.841429,36.42361207045208,10490.204190560815,1785.7466340879155,1422312.4193720575
2025-06-20 21:44:36.841429,36.47305109665818,10234.035433310395,1749.7397588623137,1406350.1997453468
2025-06-20 22:44:36.841429,36.49729937567608,10272.669785741644,1743.0426341528132,1374447.2206741855
2025-06-20 23:44:36.841429,36.41641403702123,10272.877731997869,1750.4359823061,1357445.3044319195
2025-06-21 00:44:36.841429,36.466517783475815,10352.096607112739,1771.2741449299347,1396577.2319575548
2025-06-21 01:44:36.841429,36.45883135135233,10558.478615998605,1759.9721899727992,1427437.0642221821
2025-06-21 02:44:36.841429,36.579339527411605,10432.76588833403,1737.5287597526672,1345430.78918746
2025-06-21 03:44:36.841429,36.60174508089996,10591.100648058531,1696.1149165130942,1355680.9205613052
2025-06-21 04:44:36.841429,36.648484467316344,10178.43142340472,1674.6512717642677,1364364.9276163555
2025-06-21 05:44:36.841429,36.71355250791077,10086.587430480906,1640.8889466086473,1365587.9901018257
2025-06-21 06:44:36.841429,36.70953581371155,10247.541115802402,1649.3948905781765,1351403.6064799612
2025-06-21 07:44:36.841429,36.74209707039765,10526.300999700114,1639.7146394145273,1266372.8159665128
2025-06-21 08:44:36.841429,36.8076176889703,10916.19352027337,1629.4778502286126,1291262.9348253848
2025-06-21 09:44:36.841429,36.88931169385713,10920.07459844431,1590.6433926734967,1232835.00892812
2025-06-21 10:44:36.841429,36.854370099054144,10900.542529652257,1597.8859605503965,1257458.7687397203
2025-06-21 11:44:36.841429,36.75562437966711,10903.51610200737,1602.2636412239417,1342304.546396206
2025-06-21 12:44:36.841429,36.83538154133794,10921.277552112124,1618.216619629634,1366272.4255367368
2025-06-21 13:44:36.841429,36.75244746857853,10980.37966605547,1632.2555345208632,1324542.7647956372
2025-06-21 14:44:36.841429,36.80466629252685,11084.389314376273,1627.6009207951429,1344564.5526881074
2025-06-21 15:44:36.841429,36.751111904121146,11097.916145972376,1627.80547436829,1315055.818097162
2025-06-21 16:44:36.841429,36.80757071337423,11144.607598918976,1597.6643627616847,1307555.2936232267
2025-06-21 17:44:36.841429,36.90323714538814,11170.342500012523,1576.6976413697014,1348654.341587217
2025-06-21 18:44:36.841429,36.78367833530742,11376.968101341316,1569.0051219165127,1322107.3047608912
2025-06-21 19:44:36.841429,36.866648193557225,11563.281492446567,1543.9400993863424,1365670.1167950188
2025-06-21 20:44:36.841429,36.969669643678756,11379.93956376234,1561.1161184586674,1359143.5340710862
2025-06-21 21:44:36.841429,37.00499031116926,11513.684923831564,1547.2649505049915,1380490.6628997752
2025-06-21 22:44:36.841429,37.090748830948606,11228.269450760028,1538.5902241472027,1346856.1550460323
2025-06-21 23:44:36.841429,36.89506930284547,11262.706286921286,1556.6491669355735,1336663.141856548
2025-06-22 00:44:36.841429,36.778478163607964,11333.363865572157,1589.3432796070222,1307402.8251833464
2025-06-22 01:44:36.841429,36.7592074477393,11353.867539885337,1565.379756634267,1316693.1397620672
2025-06-22 02:44:36.841429,36.69020132580017,11416.7444346591,1569.650597740559,1262451.5389577227
2025-06-22 03:44:36.841429,36.694604723752605,10823.86367084278,1537.6844229553574,1176909.759148745
2025-06-22 04:44:36.841429,36.577167984054185,10782.601241203678,1551.7147754048167,1159612.938205718
2025-06-22 05:44:36.841429,36.59633178206434,10835.842052808905,1554.574744431494,1165712.2758159393
2025-06-22 06:44:36.841429,36.65697227237903,10894.147385670354,1553.7704797053457,1166908.6517635307
2025-06-22 07:44:36.841429,36.5834664550443,10530.541696532002,1550.6956613496686,1203724.5809810953
2025-06-22 08:44:36.841429,36.577756318863614,10540.294624179809,1540.4987391789418,1237447.1870296933
2025-06-22 09:44:36.841429,36.594532242412356,10625.577692788816,1528.0770406725997,1252574.5179298033
2025-06-22 10:44:36.841429,36.72826912704083,10659.842473437931,1531.3114590516898,1298525.84182862
2025-06-22 11:44:36.841429,36.76360265982844,10600.81172368126,1526.135867454676,1257311.3899586888
2025-06-22 12:44:36.841429,36.72198734844866,10673.42807957571,1515.7269640637683,1232216.825882925
2025-06-22 13:44:36.841429,36.91144337164398,10835.354331016437,1500.3277180586545,1252050.0153084276
2025-06-22 14:44:36.841429,36.89388617117922,10713.082513190537,1504.4665738573294,1253503.687652676
2025-06-22 15:44:36.841429,36.81873368690415,10685.972762350802,1517.75754306381,1235417.984573199
2025-06-22 16:44:36.841429,36.82212139875673,10421.324547935707,1523.359978356537,1250398.8334742652
2025-06-22 17:44:36.841429,36.73861555985394,10364.87281917231,1513.373482382696,1219456.4242305676
2025-06-22 18:44:36.841429,36.738323103068254,10609.547370660432,1534.2141404890983,1207872.2606743528
2025-06-22 19:44:36.841429,36.64396561414466,10479.98374329165,1539.920107035918,1230947.8120652246
2025-06-22 20:44:36.841429,36.66003701896368,10363.943702370125,1513.1776308644448,1168137.7485474348
2025-06-22 21:44:36.841429,36.637461007331424,10402.552196812476,1506.4384433488567,1137980.3180553946
2025-06-22 22:44:36.841429,36.70199734181706,10403.399506119782,1503.852687114828,1121945.945821127
2025-06-22 23:44:36.841429,36.7006819420661,10131.936529949051,1514.5944605366628,1126407.4876978714
2025-06-23 00:44:36.841429,36.71060681529591,10051.228818511643,1506.8024399558878,1106555.2929478344
2025-06-23 01:44:36.841429,36.739247827556035,10014.904552141496,1489.2174453137382,1092449.2165893412
2025-06-23 02:44:36.841429,36.790842941212475,9975.526719961243,1500.4221764873234,1086114.4370114843
2025-06-23 03:44:36.841429,36.901391411011126,10174.927741298417,1481.9338332818281,1058139.3212941177
2025-06-23 04:44:36.841429,36.953109681388405,10139.270511109664,1474.8886641922252,1118871.561163113
2025-06-23 05:44:36.841429,37.027589265104886,10085.37676722403,1453.9109914004136,1102817.8008431415
2025-06-23 06:44:36.841429,37.02780491551245,10203.959555617861,1456.534271286528,1122630.9317986115
2025-06-23 07:44:36.841429,37.05776929818335,10385.232968506647,1460.9819237125007,1118068.0405716752
2025-06-23 08:44:36.841429,37.13580300149507,10474.597428115254,1478.2886957662877,1124767.4420602522
2025-06-23 09:44:36.841429,36.98376409239412,10561.60506554088,1476.0097883198684,1121368.6264494404
2025-06-23 10:44:36.841429,36.93677136929156,10621.237552964529,1463.592849060976,1129831.886793622
2025-06-23 11:44:36.841429,36.94188192864392,10522.795641330431,1448.2296821380849,1149203.8337963568
2025-06-23 12:44:36.841429,36.96846602712147,10324.027955908141,1444.0127148835318,1128607.8381885658
2025-06-23 13:44:36.841429,36.99779826615684,10493.523236379799,1412.8367568187434,1153841.0414995775
2025-06-23 14:44:36.841429,36.93714587120171,10550.680599673671,1399.1998800976357,1158811.534956532
2025-06-23 15:44:36.841429,36.89309410150397,10660.091219004162,1394.7684016825585,1110326.9384687857
2025-06-23 16:44:36.841429,36.86368564305779,10279.628515937826,1398.4199754717913,1105902.5562729065
2025-06-23 17:44:36.841429,36.95109151091182,10173.733056100467,1402.917091119734,1166612.4972661056
2025-06-23 18:44:36.841429,36.89710307134333,9955.873915176022,1417.2664287519156,1183301.779876087
2025-06-23 19:44:36.841429,36.92324222952507,9957.485929082524,1401.0268970552877,1226774.184890537
2025-06-23 20:44:36.841429,36.84713487443215,9844.757656931544,1390.1286259488566,1187233.0989587386
2025-06-23 21:44:36.841429,36.88790752050051,9621.377770309733,1379.278435641573,1197502.7544117193
2025-06-23 22:44:36.841429,36.82141004779929,9510.476774532843,1382.8413068111704,1239779.3517535715
2025-06-23 23:44:36.841429,36.875528358317474,9490.671734057787,1377.0212864286257,1242212.8744614013
2025-06-24 00:44:36.841429,36.95286265843556,9513.738586550982,1391.7390987961612,1339184.329926092
2025-06-24 01:44:36.841429,36.89654517878509,9392.989060534519,1398.1693049263522,1374544.178344311
2025-06-24 02:44:36.841429,36.88000355371985,9500.436253503769,1388.427050327989,1411624.6330454252
2025-06-24 03:44:36.841429,36.87165939333137,9673.763959751954,1389.5770159537606,1411968.0087018933
2025-06-24 04:44:36.841429,36.96387232238948,9628.82819041845,1396.5901771928523,1438200.193295703
2025-06-24 05:44:36.841429,36.9436174794433,9529.13702011239,1391.1394082449208,1461119.8883741521
2025-06-24 06:44:36.841429,36.90010797989655,9538.675949104692,1409.894378113224,1445863.350563142
2025-06-24 07:44:36.841429,36.846290565592255,9571.406925803856,1379.3096009350168,1523352.316891984
2025-06-24 08:44:36.841429,36.924654916647796,9416.12345168925,1360.7929067536236,1489298.2470685143
2025-06-24 09:44:36.841429,36.949119992174,9285.636903590026,1358.9553535280052,1449719.7736444494
2025-06-24 10:44:36.841429,37.02282532390534,9603.464081444425,1338.4650061073612,1432811.762538936
2025-06-24 11:44:36.841429,36.98542906916558,9879.685555679334,1338.7710297325168,1443000.5204819674
2025-06-24 12:44:36.841429,36.98568046361964,9583.694686447154,1324.7096790713663,1431175.7362470205
2025-06-24 13:44:36.841429,37.0068664177363,9707.891131242384,1322.2563680885378,1447841.3074092595
2025-06-24 14:44:36.841429,37.02239259436693,9732.130953802252,1320.0088129718615,1463741.9117980448
2025-06-24 15:44:36.841429,36.92445874297676,9742.249146070419,1325.6391211173332,1531357.796601158
2025-06-24 16:44:36.841429,36.9829643662575,9765.726429821516,1326.5378758364293,1535715.1932386833
2025-06-24 17:44:36.841429,37.06191415845375,9714.96428544222,1317.5777655005843,1434751.1234265203
2025-06-24 18:44:36.841429,37.26258596039465,9633.896311263792,1331.30142909251,1514176.5576166604
2025-06-24 19:44:36.841429,37.27426540945687,9820.78431878071,1349.2082424028902,1485684.6007432085
2025-06-24 20:44:36.841429,37.29427719122868,9746.183467620745,1339.5737310508666,1429121.4102533758
2025-06-24 21:44:36.841429,37.352480928278396,9479.199963371642,1330.4504728618308,1415308.4720333356
2025-06-24 22:44:36.841429,37.386426047052254,9417.018319775105,1306.0777176805577,1408276.6094808583
2025-06-24 23:44:36.841429,37.470677530893305,9469.158422204253,1305.104332397614,1408879.232405472
2025-06-25 00:44:36.841429,37.56858968146882,9389.219790743726,1299.5214350371593,1388697.81468646
2025-06-25 01:44:36.841429,37.56402617000992,9272.9969004848,1292.6196988277475,1449394.2439259815
2025-06-25 02:44:36.841429,37.486103065199096,9150.31148910941,1279.2182139884133,1489031.0919509411
2025-06-25 03:44:36.841429,37.42172397069201,9322.564463047609,1276.210340630484,1480711.08214258
2025-06-25 04:44:36.841429,37.31136731049387,9533.245515768309,1275.5353002178601,1460562.572636152
2025-06-25 05:44:36.841429,37.342114390440834,9614.869643007683,1279.6985640011308,1490354.7853401045
2025-06-25 06:44:36.841429,37.38463516515009,9684.057914959703,1252.3161742373934,1456383.641265486
2025-06-25 07:44:36.841429,37.3355681488289,9644.14777729343,1262.4258351366952,1384877.128956021
2025-06-25 08:44:36.841429,37.21259389089746,9681.665386054163,1246.6842462908019,1347404.7297468637
2025-06-25 09:44:36.841429,37.194828275552226,9689.675527399379,1243.9454273386239,1414432.8999231947
2025-06-25 10:44:36.841429,37.33710972091032,9847.031449911578,1222.5938509564469,1413004.4113879662
2025-06-25 11:44:36.841429,37.40380314800609,10005.540397895227,1216.8812426654088,1356265.4269821695
2025-06-25 12:44:36.841429,37.32554229749619,10090.314003391526,1215.546042903727,1385959.3668967981
2025-06-25 13:44:36.841429,37.31029073035635,10031.330915493738,1236.5756645433805,1402268.1104626372
2025-06-25 14:44:36.841429,37.32685448659142,10255.497823932215,1227.1139703877473,1382258.7559293602
2025-06-25 15:44:36.841429,37.30924589713186,10260.250105947238,1225.451117614003,1383848.2040317995
2025-06-25 16:44:36.841429,37.293053682069775,10096.548676520451,1231.5144612589756,1392689.3906117554
2025-06-25 17:44:36.841429,37.29156863590506,10350.158367887283,1244.8769675824203,1361371.7524758086
2025-06-25 18:44:36.841429,37.38067573956395,10150.5855812721,1249.4479160064536,1358614.0772419584
2025-06-25 19:44:36.841429,37.308949423037156,10264.215109204159,1250.7929493233535,1397978.1934837648
2025-06-25 20:44:36.841429,37.28694413898373,10321.774997340073,1260.980864742992,1428965.362849002
2025-06-25 21:44:36.841429,37.36227052599941,10371.693268535808,1244.4512343401873,1396119.9434914484
2025-06-25 22:44:36.841429,37.222103261853874,10211.469589228072,1222.3323736420998,1469414.8335120974
2025-06-25 23:44:36.841429,37.23780747469435,9843.418433391906,1215.1830124008607,1545183.876721727
2025-06-26 00:44:36.841429,37.18434163004874,10001.871080942927,1221.5951944971764,1565666.855583856
2025-06-26 01:44:36.841429,37.24610775799659,10003.146293566924,1223.790650804504,1537020.830514197
2025-06-26 02:44:36.841429,37.13756232954107,9456.025060334185,1230.228029737957,1527158.4947275508
2025-06-26 03:44:36.841429,37.06335397159026,9532.139293708395,1221.2052116581851,1552030.4586702785
2025-06-26 04:44:36.841429,37.013685178567,9701.196010028541,1202.2689298246992,1565556.4835279894
2025-06-26 05:44:36.841429,37.04003253800768,9702.694486405326,1183.9034716946653,1606586.7919907568
2025-06-26 06:44:36.841429,36.984414596858635,9727.60964426097,1182.743487733055,1678943.5788612957
2025-06-26 07:44:36.841429,37.02420940902565,9710.967286239298,1167.1880763020538,1717237.0556088178
2025-06-26 08:44:36.841429,37.102835185928264,9432.161268653595,1161.7552937885607,1671750.6074387815
2025-06-26 09:44:36.841429,36.982365655504246,9508.732337107618,1144.8794750040315,1676033.0223082853
